0,1
ottoman,
ottoman,
ottoman,
ottoman,l
ottoman,
ottoman,
ottoman,
ottoman,
ottoman,
ottoman,
ottoman,
ottoman,a
ottoman,
ottoman,
ottoman,
ottoman,
ottoman,
ottoman,
ottoman,
ottoman,
ottoman,
ottoman,
ottoman,
ottoman,
ottoman,
ottoman,
ottoman,
ottoman,
ottoman,
ottoman,
ottoman,
ottoman,
ottoman,
ottoman,
ottoman,
ottoman,
ottoman,
ottoman,
ottoman,
ottoman,i
ottoman,
ottoman,t
ottoman,
ottoman,
ottoman,
ottoman,
ottoman,
ottoman,
ottoman,
ottoman,
ottoman,
ottoman,
ottoman,
ottoman,
ottoman,
ottoman,
ottoman,
ottoman,
ottoman,a
ottoman,
ottoman,
ottoman,
ottoman,
ottoman,
ottoman,
ottoman,
ottoman,
ottoman,
ottoman,
ottoman,r
ottoman,
ottoman,
ottoman,
ottoman,
ottoman,
ottoman,e
ottoman,
ottoman,
ottoman,
ottoman,
ottoman,
ottoman,
ottoman,
ottoman,
ottoman,
ottoman,a
ottoman,
ottoman,
ottoman,
ottoman,
ottoman,
ottoman,g
ottoman,
ottoman,
ottoman,
ottoman,
ottoman,
ottoman,
ottoman,
ottoman,
ottoman,
ottoman,
ottoman,
ottoman,
ottoman,
ottoman,
ottoman,
ottoman,
ottoman,
ottoman,
ottoman,
ottoman,
ottoman,
ottoman,
ottoman,n
ottoman,
ottoman,
ottoman,
ottoman,
ottoman,
ottoman,
ottoman,
ottoman,
ottoman,
ottoman,
ottoman,
ottoman,
ottoman,
ottoman,
ottoman,
ottoman,
ottoman,
ottoman,
ottoman,
ottoman,
ottoman,
ottoman,
ottoman,
ottoman,i
ottoman,
ottoman,
ottoman,
ottoman,
ottoman,
ottoman,
ottoman,
ottoman,
ottoman,
ottoman,
ottoman,
ottoman,
ottoman,
ottoman,
ottoman,
ottoman,
ottoman,
ottoman,
ottoman,
ottoman,
ottoman,
ottoman,
ottoman,
ottoman,
ottoman,
ottoman,
ottoman,
ottoman,
ottoman,
ottoman,
ottoman,l
ottoman,
ottoman,a
ottoman,
ottoman,
ottoman,z
ottoman,
ottoman,
ottoman,
ottoman,
ottoman,
ottoman,
ottoman,
ottoman,
ottoman,
ottoman,
ottoman,
ottoman,
ottoman,
ottoman,
ottoman,
ottoman,
ottoman,k
ottoman,
ottoman,
ottoman,
ottoman,
ottoman,
ottoman,
ottoman,
ottoman,
ottoman,
ottoman,
ottoman,
ottoman,
ottoman,
ottoman,
ottoman,
ottoman,
ottoman,i
ottoman,
ottoman,a
ottoman,
ottoman,n
ottoman,
ottoman,
ottoman,
ottoman,
ottoman,
ottoman,
ottoman,
ottoman,
ottoman,
ottoman,
ottoman,
ottoman,
ottoman,
ottoman,
ottoman,
ottoman,
ottoman,
ottoman,
ottoman,
ottoman,
ottoman,
ottoman,
ottoman,
ottoman,
ottoman,
ottoman,
ottoman,
ottoman,
ottoman,
ottoman,
ottoman,
ottoman,
ottoman,
ottoman,
ottoman,
ottoman,
ottoman,a
england,
england,
england,
england,d
england,
england,
england,
england,o
england,
england,
england,e
england,
england,
england,
england,
england,","
england,
england,t
england,
england,
england,
england,m
england,g
england,o
england,
england,
england,a
england,
england,
england,
england,
england,
england,
england,
england,m
england,h
england,
england,
england,
england,
england,
england,
england,
england,
england,
england,
england,o
england,
england,
england,
england,
england,
england,
england,
england,
england,
england,s
england,s
england,","
england,
england,
england,
england,
england,
england,v
england,u
england,r
england,
england,
england,c
england,
england,
england,
england,
england,
england,
england,
england,
england,
england,e
england,
england,p
england,
england,
england,
england,
england,
england,","
england,e
england,
england,
england,
england,
england,
england,
england,
england,
england,
england,
england,c
england,o
england,
england,
england,
england,
england,
england,
england,
england,
england,
england,
england,
england,
england,
england,
england,
england,c
england,r
england,
england,i
england,
england,
england,
england,
england,
england,
england,
england,
england,
england,
england,
england,
england,e
england,
england,
england,
england,
england,n
england,
england,
england,
england,
england,h
england,a
england,
england,o
england,e
england,
england,
england,
england,
england,l
england,
england,
england,g
england,
england,
england,
england,
england,
england,
england,
england,
england,
england,
england,
england,l
england,
england,
england,
england,
england,
england,
england,i
england,h
england,
england,
england,
england,
england,
england,
england,
england,m
england,
england,
england,
england,
england,
england,
england,
england,
england,
england,
england,
england,
england,
england,
england,
england,
england,n
england,
england,
england,
england,
england,
england,
england,
england,
england,h
england,
england,
england,l
england,
england,
england,
england,
england,r
england,
england,
england,
england,
england,
england,h
england,
england,i
england,
england,
england,
england,
england,
england,
england,
england,
england,r
england,
england,u
england,l
england,
england,
england,
england,i
england,
england,
england,
england,
england,
england,
england,
england,
england,
arabia,
arabia,
arabia,
arabia,
arabia,t
arabia,
arabia,
arabia,
arabia,
arabia,
arabia,
arabia,
arabia,
arabia,
arabia,
arabia,
arabia,
arabia,
arabia,
arabia,
arabia,
arabia,
arabia,h
arabia,
arabia,u
arabia,
arabia,
arabia,
arabia,
arabia,s
arabia,
arabia,
arabia,
arabia,
arabia,
arabia,
arabia,
arabia,
arabia,
arabia,
arabia,
arabia,
arabia,
arabia,
arabia,
arabia,
arabia,
arabia,
arabia,
arabia,
arabia,
arabia,
arabia,
arabia,
arabia,
arabia,
arabia,
arabia,
arabia,
arabia,
arabia,
arabia,
arabia,
arabia,
arabia,c
arabia,
arabia,
arabia,
arabia,
arabia,
arabia,
arabia,
arabia,
arabia,
arabia,
arabia,
arabia,r
arabia,
arabia,
arabia,
arabia,
arabia,
arabia,a
arabia,
arabia,
arabia,
arabia,
arabia,
arabia,
arabia,
arabia,
arabia,
arabia,
arabia,
arabia,
arabia,
arabia,
arabia,
arabia,
arabia,
arabia,
arabia,","
arabia,
arabia,c
arabia,
arabia,
arabia,n
arabia,
arabia,
arabia,
arabia,
arabia,
arabia,
arabia,
arabia,
arabia,
arabia,
arabia,
arabia,
arabia,
arabia,
arabia,
arabia,
arabia,
arabia,
arabia,
arabia,
arabia,
arabia,
arabia,
arabia,
arabia,
arabia,
arabia,u
arabia,
arabia,
arabia,
arabia,
arabia,
arabia,
arabia,
arabia,
arabia,
arabia,
arabia,
arabia,
arabia,
arabia,
arabia,
arabia,
arabia,
arabia,
arabia,
arabia,
arabia,
arabia,
arabia,
arabia,
arabia,
arabia,
arabia,
arabia,
arabia,
arabia,
arabia,
arabia,
arabia,
arabia,
arabia,
arabia,
arabia,
arabia,
arabia,
arabia,
arabia,
arabia,
arabia,
arabia,
arabia,
arabia,
arabia,
arabia, 
arabia,
arabia,
arabia,
arabia,
arabia,
arabia,
arabia,
arabia,
arabia,
arabia,
arabia,
arabia,
arabia,
arabia,
arabia,
arabia,
arabia,
arabia,
arabia,
arabia,
arabia,
arabia,
arabia,
arabia,
arabia,
arabia,
arabia,
arabia,
arabia,
arabia,
arabia,
arabia,
arabia,
arabia,
arabia,
arabia,
arabia,
arabia,
arabia,
arabia,
arabia,
arabia,
arabia,
arabia,
arabia,
arabia,
arabia,
arabia,
arabia,
arabia,
arabia,
arabia,
arabia,
arabia,
arabia,
arabia,
arabia,
arabia,
arabia,
arabia,
arabia,
arabia,
arabia,
arabia,
arabia,
arabia,
arabia,
arabia,
russia,v
russia,
russia,o
russia,
russia,
russia,
russia,
russia,
russia,
russia,g
russia,
russia,
russia,
russia,
russia,
russia,
russia,
russia,","
russia,
russia,d
russia,
russia,
russia,
russia,
russia,
russia,e
russia,
russia,
russia,
russia,
russia,
russia,
russia,
russia,
russia,
russia,
russia,
russia,u
russia,
russia,
russia,
russia,
russia,
russia,
russia,
russia,
russia,
russia,
russia,a
russia,
russia,s
russia,
russia,s
russia,g
russia,
russia,
russia,
russia,
russia,
russia,
russia,
russia,","
russia,
russia,
russia,
russia,
russia,
russia,
russia,
russia,
russia,
russia,
russia,
russia,
russia,
russia,
russia,
russia,
russia,
russia,
russia,
russia,
russia,
russia,
russia,
russia,
russia,
russia,
russia,
russia,
russia,
russia,d
russia,
russia,
russia,
russia,o
russia,
russia,a
russia,
russia,","
russia,
russia,
russia,
russia,
russia,
russia,
russia,
russia,
russia,
russia,
russia,
russia,
russia,
russia,
russia,
russia,b
russia,
russia,
russia,
russia,
russia,
russia,
russia,
russia,o
russia,
russia,
russia,
russia,
russia,
russia,
russia,
russia,
russia,
russia,
russia,o
russia,
russia,
russia,
russia,
russia,
russia,
russia,
russia,","
russia,
russia,
russia,
russia,
russia,
russia,k
russia,
russia,v
russia,","
russia,
russia,k
russia,
russia,
russia,
russia,","
russia,
russia,
russia,
russia,
russia,o
russia,
russia,
russia,
russia,
russia,
russia,
russia,o
russia,
russia,c
russia,
russia,
russia,
russia,t
russia,
russia,
russia,
russia,
russia,
russia,r
russia,
russia,o
russia,
russia,
russia,
russia,
russia,
russia,
russia,
russia,
russia,
russia,
russia,g
russia,
russia,
russia,
russia,
russia,
russia,
russia,v
russia,r
russia,d
russia,
russia,
russia,
russia,
russia,
russia,
russia,
russia,
russia,
russia,
russia,
russia,
russia,
russia,
russia,
russia,
russia,
russia,
russia,s
russia,
russia,o
russia,
russia,
russia,
russia,
russia,k
russia,
russia,
russia,
russia,
russia,
russia,
russia,
russia,
russia,g
russia,
russia,
russia,
russia,
russia,
russia,i
russia,
russia,
russia,
russia,
russia,k
america,
america,
america,
america,
america,
america,
america,a
america,
america,
america,
america,d
america,
america,
america,
america,
america,
america,
america,
america,
america,
america,
america,a
america,q
america,
america,
america,
america,
america,
america,
america,o
america,
america,
america,
america,
america,
america,
america,g
america,t
america,c
america,
america,
america,
america,
america,
america,
america,b
america,o
america,
america,
america,
america,
america,
america,
america,
america,
america,
america,
america,
america,
america,
america,
america,
america,
america,
america,
america,u
america,
america,
america,","
america,
america,
america,
america,
america,
america,s
america, 
america,
america,b
america,
america,
america,
america,
america,p
america,
america,
america,
america,a
america, 
america,
america,a
america,
america,i
america,
america,d
america,
america,
america,
america,
america,
america,
america,
america,
america,
america,
america,
america,
america,
america,
america,
america,e
america,
america,
america,
america,
america,
america,
america,o
america,
america,t
america,a
america,o
america,
america,
america,e
america,
america,
america,
america,
america,a
america,h
america,
america,p
america,f
america,
america,
america,
america,
america,
america,
america,o
america,
america,
america,
america,
america,
america,y
america,
america,
america,
america,
america,
america,c
america,
america,
america,
america,
america,
america,
america,
america,
america,
america,
america,
america,
america,e
america,
america,o
america,r
america,
america,
america,
america,d
america,
america,
america,o
america,
america,
america,
america,
america,
america,p
america,y
america,
america,
america,
america,
america,
america,
america,n
america,
america,
america,
america,a
america,
america,
america,
america,
america,
america,
america,
america,
america,
america,u
america,d
america,
america,
america,a
america,a
america,
america,
america,
america,
america,
america,
america,
america,b
america,
america,
america,
america,
america,
america,o
america,
america,
america,i
america,
america,n
america,
america,
america,
america,
america,
america,
america,o
america,
america,
america,
america,i
america,
america,o
america,
america,i
america,
america,e
america,
america,
america,
america,
america,
america,l
france,
france,
france,
france,
france,
france,
france,
france,
france,
france,
france,
france,
france,
france,e
france,
france,
france,
france,
france,
france,
france,
france,
france,
france,
france,e
france,n
france,
france,
france,
france,
france,
france,
france,
france,
france,
france,
france,g
france,
france,
france,
france,
france,
france,
france,
france,c
france,
france,
france,
france,
france,
france,
france,
france,
france,e
france,e
france,
france,
france,
france,
france,
france,
france,
france,
france,
france,
france,
france,
france,
france,
france,
france,e
france,
france,
france,
france,
france,
france,
france,
france,
france,
france,
france,
france,
france,
france,n
france,
france,
france,
france,
france,e
france,
france,s
france,
france,
france,
france, 
france,a
france,
france,
france,
france,
france,
france,
france,
france,
france,
france,
france,
france,
france,
france,
france,
france,
france,","
france,
france,
france,
france,
france,
france,c
france,
france,
france,
france,
france,
france,
france,v
france,
france,
france,
france,
france,
france,
france,
france,
france,
france,
france,
france,i
france,o
france,n
france,e
france,
france,
france,
france,
france,
france,
france,t
france,
france,
france,
france,
france,
france,
france,r
france,
france,t
france,
france,
france,
france,
france,
france,
france,
france,
france,
france,
france,
france,
france,
france,
france,
france,
france,
france,
france,
france,
france,
france,
france,
france,n
france,","
france,
france,
france,a
france,
france,
france,
france,
france,
france,l
france,
france,
france,
france,
france,
france,
france,
france,
france,s
france,
france,
france,
france,
france,
france,
france,v
france,
france,
france,c
france,r
france,s
france,
france,
france,i
france,
france,
france,
france,
france,
france,
france,
france,","
france,
france,
france,
france,
france,
france,
france,
france,
france,
france,
france,
france,j
france,
france,
france,
france,s
france,
france,
france,
france,
france,
france, 
france,e
france,
france,i
france,
aztec,
aztec,
aztec,
aztec,
aztec,c
aztec,
aztec,a
aztec,
aztec,
aztec,
aztec,e
aztec,
aztec,
aztec,z
aztec,c
aztec,l
aztec,
aztec,e
aztec,
aztec,a
aztec,
aztec,
aztec,
aztec,
aztec,
aztec,
aztec,e
aztec,
aztec,
aztec,
aztec,l
aztec,
aztec,a
aztec,
aztec,
aztec,
aztec,c
aztec,
aztec,c
aztec,
aztec,a
aztec,t
aztec,
aztec,a
aztec,
aztec,
aztec,
aztec,
aztec,
aztec,
aztec,
aztec,","
aztec,
aztec,
aztec,
aztec,
aztec,
aztec,c
aztec,
aztec,
aztec,
aztec,
aztec,
aztec,
aztec,
aztec,p
aztec,
aztec,
aztec,
aztec,
aztec,
aztec,
aztec,z
aztec,","
aztec,
aztec,
aztec,
aztec,","
aztec,l
aztec,
aztec,e
aztec,
aztec,e
aztec,
aztec,
aztec,
aztec,
aztec,
aztec,a
aztec,
aztec,
aztec,
aztec,t
aztec,
aztec,i
aztec,
aztec,
aztec,
aztec,
aztec,
aztec,
aztec,
aztec,
aztec,
aztec,
aztec,
aztec,e
aztec,
aztec,
aztec,
aztec,
aztec,
aztec,l
aztec,a
aztec,
aztec,
aztec,o
aztec,
aztec,t
aztec,
aztec,
aztec,y
aztec,
aztec,
aztec,
aztec,
aztec,n
aztec,
aztec,l
aztec,
aztec,
aztec,
aztec,a
aztec,
aztec,a
aztec,
aztec,c
aztec,
aztec,
aztec,
aztec,
aztec,p
aztec,y
aztec,
aztec,i
aztec,h
aztec,a
aztec,o
aztec,
aztec,
aztec,q
aztec,
aztec,
aztec,
aztec,n
aztec,
aztec,c
aztec,
aztec,
aztec,
aztec,
aztec,o
aztec,a
aztec,
aztec,
aztec,
aztec,
aztec,n
aztec,
aztec,
aztec,e
aztec,
aztec,a
aztec,
aztec,
aztec,
aztec,
aztec,
aztec,
aztec,
aztec,
aztec,
aztec,
aztec,z
aztec,e
aztec,o
aztec,
aztec,
aztec,
aztec,
aztec,
aztec,c
aztec,
aztec,
aztec,
aztec,
aztec,
aztec,
aztec,o
aztec,
aztec,t
aztec,e
aztec,
aztec,a
aztec,
aztec,
aztec,
aztec,
aztec,
aztec,
aztec,
aztec,l
aztec,
aztec,
aztec,
aztec,
aztec,
aztec,t
aztec,
aztec,
aztec,
aztec,
aztec,a
aztec,l
aztec,
aztec,
aztec,
aztec,
aztec,
aztec,
aztec,
aztec,
aztec,
aztec,a
aztec,t
aztec,
aztec,t
aztec,
aztec,u
aztec,
aztec,
aztec,
aztec,
aztec,
aztec,l
aztec,x
aztec,
aztec,a
aztec,
aztec,
iroquois,
iroquois,
iroquois,
iroquois,e
iroquois,r
iroquois,
iroquois,
iroquois,a
iroquois,e
iroquois,
iroquois,a
iroquois,
iroquois,
iroquois,a
iroquois,
iroquois,
iroquois,","
iroquois,a
iroquois,a
iroquois,
iroquois, 
iroquois,
iroquois,l
iroquois,
iroquois,
iroquois,
iroquois,
iroquois,e
iroquois,
iroquois,
iroquois,
iroquois,
iroquois,
iroquois,h
iroquois,
iroquois,k
iroquois,
iroquois,
iroquois,
iroquois,
iroquois,a
iroquois,
iroquois,
iroquois,a
iroquois,
iroquois,
iroquois,
iroquois,
iroquois,
iroquois,
iroquois,
iroquois,
iroquois,a
iroquois,
iroquois,c
iroquois,
iroquois,
iroquois,
iroquois,
iroquois,y
iroquois,
iroquois,
iroquois,
iroquois,
iroquois,
iroquois,s
iroquois,e
iroquois,
iroquois,e
iroquois,
iroquois,g
iroquois,
iroquois,
iroquois,h
iroquois,e
iroquois,
iroquois,
iroquois,a
iroquois,
iroquois,
iroquois,a
iroquois,e
iroquois,
iroquois,
iroquois,
iroquois,h
iroquois,
iroquois,
iroquois,c
iroquois,
iroquois,
iroquois,
iroquois,k
iroquois,
iroquois,n
iroquois,
iroquois,
iroquois,
iroquois,o
iroquois,
iroquois,b
iroquois,
iroquois,n
iroquois,
iroquois,m
iroquois,
iroquois,
iroquois,
iroquois,
iroquois,
iroquois,
iroquois,
iroquois,
iroquois,
iroquois,
iroquois,t
iroquois,
iroquois,
iroquois,r
iroquois,c
iroquois,
iroquois,e
iroquois, 
iroquois,
iroquois,
iroquois,
iroquois,i
iroquois,
iroquois,
iroquois,
iroquois,
iroquois,
iroquois,
iroquois,
iroquois,
iroquois,n
iroquois,
iroquois,
iroquois,
iroquois,
iroquois,k
iroquois,
iroquois,
iroquois,
iroquois,
iroquois,
iroquois,
iroquois,
iroquois,
iroquois,
iroquois,e
iroquois,
iroquois,
iroquois,b
iroquois,
iroquois,
iroquois,g
iroquois,e
iroquois,
iroquois,d
iroquois,
iroquois,y
iroquois,i
iroquois,e
iroquois,
iroquois,
iroquois,
iroquois,
iroquois,i
iroquois,
iroquois,
iroquois,l
iroquois,
iroquois,
iroquois,a
iroquois,a
iroquois,
iroquois,w
iroquois,u
iroquois,
iroquois,e
iroquois,
iroquois,
iroquois,
iroquois,
iroquois, 
iroquois,
iroquois,
iroquois,k
iroquois,
iroquois,
iroquois,
iroquois,a
iroquois,
iroquois,
iroquois,
iroquois,
iroquois,
iroquois,
iroquois,
iroquois,o
iroquois,e
iroquois,r
iroquois,w
iroquois,e
iroquois,","
iroquois,
iroquois,
iroquois,k
iroquois,r
iroquois,
iroquois,
iroquois,k
iroquois,
iroquois,
iroquois,o
iroquois,
iroquois,
iroquois,
iroquois,
iroquois,
iroquois,
iroquois,
iroquois,
iroquois,
iroquois,
iroquois,
iroquois,
iroquois, 
iroquois,
iroquois,a
iroquois,
iroquois,e
iroquois,
iroquois,
iroquois,
iroquois,n
iroquois,
iroquois,a
iroquois,
iroquois,r
iroquois,
iroquois,r
iroquois,
iroquois,
iroquois,r
iroquois,d
iroquois,
iroquois,
iroquois,
persia,
persia,
persia,
persia,
persia,d
persia,
persia,
persia,a
persia,
persia,
persia,
persia,
persia,
persia,
persia,
persia,
persia,
persia,
persia,
persia,
persia,
persia,
persia,","
persia,
persia,e
persia,
persia,
persia,p
persia,
persia,
persia,
persia,
persia,
persia,
persia,
persia,
persia,
persia,n
persia,
persia,
persia,
persia,
persia,
persia,
persia,
persia,
persia,
persia,
persia,
persia,
persia,
persia,
persia,
persia,
persia,
persia,
persia,t
persia,
persia,
persia,
persia,
persia,
persia,
persia,
persia,
persia,
persia,
persia,
persia,
persia,a
persia,
persia,r
persia,
persia,
persia,
persia,
persia,e
persia,
persia,
persia,
persia,n
persia,
persia,
persia,
persia,
persia,
persia,
persia,
persia,
persia,l
persia,
persia,
persia,
persia,
persia,
persia,
persia,
persia,
persia,
persia,
persia,
persia,
persia,
persia,
persia,
persia,n
persia,
persia,
persia,
persia,
persia,
persia,
persia,
persia,
persia,
persia,
persia,r
persia,
persia,
persia,
persia,
persia,
persia,
persia,
persia,p
persia,
persia,
persia,
persia,
persia,
persia,
persia,
persia,b
persia,
persia,
persia,
persia,
persia,
persia,
persia,
persia,
persia,
persia,
persia,
persia,
persia,
persia,
persia,
persia,
persia,
persia,
persia,
persia,
persia,
persia,a
persia,
persia,
persia,u
persia,
persia,
persia,
persia,
persia,
persia,a
persia,
persia,
persia,
persia,
persia,
persia,
persia,
persia,
persia,
persia,
persia,n
persia,
persia,
persia,
persia,i
persia,
persia,
persia,
persia,
persia,
persia,
persia,
persia,
persia,
persia,
persia,
persia,
persia,
persia,
persia,
persia,
persia,
persia,
persia,
persia,
persia,
persia,
persia,
persia,
persia,
persia,
persia,
persia,
persia,
persia,n
persia,a
persia,
persia,
persia,
persia,
persia,
persia,
persia,
persia,
persia,
persia,
persia,
persia,
persia,
persia,
persia,
persia,
persia,
persia,
persia,
persia,
persia,
persia,
persia,
persia,
persia,
persia,
persia,
persia,
persia,
persia,
persia,
persia,
persia,
persia,
persia,
persia,
persia,
persia,
persia,
persia,
rome,
rome,
rome,
rome,
rome,
rome,
rome,
rome,
rome,
rome,i
rome,
rome,
rome,
rome,
rome,
rome,
rome,
rome,
rome,
rome,
rome,
rome,
rome,u
rome,
rome,
rome,
rome,
rome,
rome,r
rome,
rome,
rome,
rome,a
rome,
rome,
rome,
rome,
rome,
rome,
rome,
rome,
rome,b
rome,
rome,
rome,
rome,
rome,
rome,
rome,
rome,a
rome,
rome,
rome,
rome,
rome,
rome,
rome,
rome,
rome,
rome,
rome,
rome,l
rome,
rome,
rome,
rome,
rome,
rome,p
rome,
rome,
rome,
rome,
rome,
rome,a
rome,
rome,
rome,
rome,
rome,
rome,
rome,
rome,
rome,i
rome,
rome,n
rome,
rome,
rome,s
rome,
rome,m
rome,
rome,
rome,
rome,
rome,n
rome,
rome,
rome,
rome,
rome,
rome,a
rome,
rome,
rome,
rome,
rome,
rome,
rome,a
rome,
rome,
rome,
rome,
rome,
rome,
rome,
rome,n
rome,
rome,
rome,
rome,
rome,
rome,
rome,
rome,
rome,
rome,m
rome,
rome,
rome,
rome,
rome,
rome,
rome,
rome,
rome,
rome,
rome,
rome,
rome,e
rome,a
rome,
rome,
rome,s
rome,
rome,
rome,n
rome,l
rome,
rome,
rome,
rome,e
rome,
rome,
rome,
rome,i
rome,
rome,
rome,
rome,m
rome,
rome,
rome,
rome,r
rome,
rome,
rome,
rome,
rome,
rome,i
rome,
rome,
rome,
rome,
rome,
rome,
rome,
rome,
rome,
rome,
rome,
rome,
rome,
rome,
rome,
rome,
rome,
rome,
rome,
rome,
rome,
rome,
rome,
rome,
rome,
rome,u
rome,
rome,
rome,
rome,
rome,
rome,
rome,
rome,
rome,
rome,
rome,
rome,
rome,g
rome,
rome,
rome,r
rome,i
rome,
rome,
rome,
rome,
rome,
rome,
rome,
rome,
rome,
rome,
rome,
rome,
rome,
rome,
rome,
rome,
rome,
rome,a
rome,
rome,i
rome,
rome,
rome,
rome,
rome,","
rome,
rome,
rome,
rome,
rome,
rome,
rome,
rome,
rome,
rome,
rome,
rome,
rome,
china,
china,
china,
china,
china,
china,
china,
china,
china,
china,
china,
china,
china,
china,
china,
china,
china,
china,
china,
china,
china,
china,
china,
china,
china,
china,
china,
china,
china,
china,
china,
china,
china,
china,
china,
china,
china,
china,
china,
china,
china,
china,
china,
china,
china,
china,
china,
china,
china,
china,o
china,
china,
china,g
china,n
china,
china,
china,
china,
china,
china,
china,
china,
china,
china,
china,
china,
china,
china,
china,
china,
china,
china,
china,
china,
china,
china,
china,
china,
china,
china,
china,
china,
china,
china,
china,
china,
china,
china,
china,a
china,
china,
china,
china,
china,
china,
china,
china,
china,
china,
china,
china,
china,
china,
china,
china,
china,
china,
china,
china,
china,
china,n
china,
china,
china,
china,
china,
china,
china,
china,n
china,
china,
china,
china,
china,
china,
china,
china,
china,
china,
china,
china,i
china,
china,
china,
china,
china,
china,
china,
china,
china,
china,
china,
china,
china,
china,n
china,
china,
china,
china,
china,
china,
china,
china,g
china,
china,
china,
china,
china,
china,
china,
china,
china,
china,
china,
china,
china,
china,
china,
china,
china,
china,n
china,
china,
china,
china,
china,
china,i
china,
china,
china,
china,
china,
china,
china,
china,a
china,
china,
china,
china,n
china,
china,
china,
china,
china,
china,
china,
china,
china,
china,
china,
china,
china,
china,
china,
china,
china,
china,
china,
china,
china,
china,
china,
china,
china,
china,
china,
china,
china,
china,
china,
china,
china,
china,
china,
china,
china,
china,
china,
china,
china,
china,
china,
china,
china,
china,
china,
china,
china,
china,
china,
china,
china,
china,
china,
china,
china,
china,
china,y
china,
china,
japan,
japan,
japan,
japan,
japan,
japan,
japan,o
japan,
japan,
japan,
japan,
japan,
japan,
japan,
japan,
japan,
japan,
japan,
japan,
japan,
japan,
japan,
japan,
japan,
japan,
japan,
japan,
japan,
japan,
japan,
japan,
japan,
japan,
japan,
japan,
japan,
japan,
japan,
japan,
japan,
japan,
japan,
japan,
japan,
japan,
japan,
japan,
japan,
japan,
japan,
japan,
japan,
japan,
japan,
japan,
japan,
japan,
japan,k
japan,
japan,
japan,
japan,
japan,
japan,
japan,e
japan,
japan,
japan,
japan,
japan,
japan,
japan,
japan,
japan,
japan,
japan,
japan,
japan,
japan,
japan,
japan,
japan,
japan,
japan,
japan,
japan,
japan,
japan,
japan,
japan,
japan,
japan,
japan,
japan,
japan,
japan,
japan,
japan,
japan,
japan,
japan,
japan,
japan,
japan,
japan,
japan,
japan,
japan,
japan,
japan,
japan,
japan,
japan,
japan,
japan,
japan,
japan,
japan,
japan,
japan,
japan,
japan,
japan,
japan,
japan,
japan,
japan,
japan,
japan,
japan,
japan,
japan,
japan,
japan,
japan,
japan,
japan,i
japan,
japan,
japan,
japan,
japan,
japan,
japan,
japan,
japan,
japan,
japan,
japan,
japan,
japan,
japan,
japan,
japan,
japan,
japan,
japan,
japan,
japan,
japan,
japan,
japan,
japan,
japan,
japan,
japan,
japan,
japan,
japan,
japan,
japan,
japan,
japan,
japan,
japan,
japan,
japan,
japan,
japan,
japan,
japan,z
japan,
japan,
japan,
japan,
japan,
japan,
japan,a
japan,
japan,
japan,
japan,
japan,
japan,
japan,
japan,
japan,
japan,
japan,
japan,
japan,
japan,
japan,
japan,
japan,
japan,
japan,i
japan,
japan,
japan,
japan,n
japan,
japan,
japan,
japan,
japan,
japan,
japan,
japan,
japan,
japan,
japan,
japan,
japan,
japan,
japan,
japan,
japan,
japan,
japan,
japan,
japan,
japan,
japan,
japan,
japan,
japan,
japan,m
japan,
japan,
japan,
japan,
japan,
japan,
japan,
japan,
japan,
japan,
japan,
japan,
siam,t
siam,m
siam, 
siam,a
siam,
siam,
siam,
siam,
siam,a
siam,a
siam,u
siam,
siam,
siam,
siam,
siam,i
siam,g
siam,
siam,i
siam,
siam,
siam,
siam,
siam,
siam,","
siam,
siam,
siam,
siam,
siam,
siam,
siam,
siam,s
siam,
siam,l
siam,
siam,
siam,
siam,
siam,
siam,r
siam,l
siam,e
siam,
siam,
siam,
siam,
siam,
siam,b
siam,
siam,
siam,
siam,t
siam,
siam,
siam, 
siam,
siam,g
siam,
siam,
siam,
siam,
siam,
siam,a
siam,
siam,
siam,","
siam,
siam,
siam,
siam,a
siam,
siam,
siam,
siam,
siam,
siam,
siam,r
siam,u
siam,
siam,a
siam,t
siam,
siam,
siam,
siam,
siam,
siam,
siam,
siam,
siam,
siam,
siam,
siam,
siam,
siam,m
siam,
siam,
siam,
siam,p
siam,
siam,
siam,
siam,
siam,","
siam,
siam,
siam,
siam,h
siam,
siam,
siam,
siam,
siam,h
siam,
siam,h
siam,
siam,
siam,
siam,
siam,
siam,
siam,h
siam,
siam,
siam,
siam,
siam,
siam,
siam,t
siam,o
siam,
siam,
siam,
siam,
siam,g
siam,o
siam,
siam,
siam,
siam,
siam,
siam,
siam,
siam,
siam,
siam,h
siam,
siam,
siam,
siam,i
siam,
siam,
siam,
siam,
siam,
siam,
siam,m
siam,
siam,
siam,
siam,
siam,
siam,
siam,
siam,
siam,r
siam,
siam,n
siam,
siam,e
siam,
siam,
siam,
siam,
siam,
siam,
siam,
siam,
siam,
siam,
siam,
siam,
siam,
siam,
siam,
siam,r
siam,
siam,
siam,
siam,
siam,
siam,
siam,u
siam,u
siam,
siam,
siam,
siam,
siam,
siam,k
siam,
siam,a
siam,t
siam,
siam,
siam,
siam,
siam,
siam,
siam,l
siam,
siam,
siam,
siam,
siam,
siam,
siam,
siam,
siam,a
siam,
siam,
siam,
siam,
siam,
siam,
siam,n
siam,
siam,
siam,
siam,
siam,
siam,
siam,r
siam,
siam,
siam,
siam,
siam,
siam,
siam,
siam,
siam,a
siam,p
siam,u
siam,h
siam,
siam,
siam,
siam,i
greece,
greece,
greece,
greece,
greece,
greece,
greece,
greece,
greece,
greece,
greece,
greece,
greece,m
greece,
greece,s
greece,
greece,
greece,
greece,
greece,
greece,
greece,
greece,
greece,
greece,
greece,a
greece,h
greece,
greece,
greece,
greece,
greece,
greece,
greece,
greece,
greece,
greece,h
greece,s
greece,
greece,
greece,
greece,
greece,
greece,
greece,
greece,
greece,
greece,a
greece,m
greece,
greece,
greece,
greece,n
greece,
greece,
greece,
greece,
greece,
greece,
greece,
greece,
greece,
greece,","
greece,
greece,
greece,
greece,
greece,
greece,
greece,
greece,
greece,
greece,
greece,l
greece,
greece,
greece,
greece,
greece,
greece,
greece,
greece,
greece,
greece,
greece,
greece,
greece,a
greece,
greece,
greece,
greece,l
greece,
greece,
greece,
greece,
greece,
greece,
greece,
greece,
greece,
greece,
greece,
greece,a
greece,
greece,
greece,
greece,
greece,
greece,
greece,
greece,
greece,
greece,
greece,
greece,
greece,
greece,
greece,
greece,
greece,
greece,
greece,
greece,
greece,
greece,h
greece,
greece,e
greece,
greece,","
greece,
greece,
greece,
greece,
greece,
greece,
greece,
greece,
greece,
greece,
greece,
greece,
greece,
greece,
greece,
greece,
greece,
greece,
greece,
greece,
greece,
greece,
greece,a
greece,
greece,
greece,
greece,
greece,s
greece,
greece,
greece,
greece,
greece,
greece,
greece,
greece,
greece,
greece,
greece,
greece,
greece,
greece,
greece,e
greece,
greece,
greece,
greece,
greece,
greece,
greece,
greece,
greece,
greece,
greece,
greece,
greece,
greece,
greece,
greece,
greece,
greece,
greece,
greece,
greece,l
greece,
greece,
greece,
greece,
greece,h
greece,u
greece,
greece,
greece,
greece,
greece,
greece,
greece,
greece,
greece,
greece,
greece,o
greece,
greece,
greece,
greece,
greece,
greece,
greece,n
greece,
greece,
greece,
greece,
greece,
greece,
greece,
greece,
greece,
greece,
greece,
greece,
greece,
greece,
greece,
greece,
greece,
greece,
greece,e
greece,
greece,
greece,
greece,
greece,
greece,
greece,
greece,
greece,
greece,
greece,
greece,
greece,
greece,
egypt,
egypt,
egypt,
egypt,
egypt,
egypt,
egypt,
egypt,
egypt,
egypt,
egypt,
egypt,
egypt,
egypt,h
egypt,
egypt,
egypt,
egypt,
egypt,
egypt,
egypt,
egypt,
egypt,
egypt,
egypt,
egypt,
egypt,a
egypt,
egypt,y
egypt,
egypt,
egypt,
egypt,
egypt,y
egypt,
egypt,
egypt,
egypt,
egypt,
egypt,
egypt,
egypt,
egypt,
egypt,
egypt,s
egypt,
egypt,
egypt,
egypt,
egypt,
egypt,
egypt,n
egypt,
egypt,
egypt,
egypt,
egypt,
egypt,
egypt,
egypt,
egypt,
egypt,
egypt,
egypt,
egypt,
egypt,
egypt,
egypt,p
egypt,d
egypt,
egypt,e
egypt,
egypt,
egypt,
egypt,
egypt,
egypt,
egypt,
egypt,
egypt,
egypt,
egypt,
egypt,
egypt,
egypt,
egypt,
egypt,
egypt,
egypt,
egypt,
egypt,a
egypt,
egypt,
egypt,
egypt,
egypt,e
egypt,
egypt,i
egypt,
egypt,
egypt,
egypt,
egypt,
egypt,
egypt,
egypt,
egypt,
egypt,
egypt,
egypt,
egypt,
egypt,
egypt,
egypt,
egypt,
egypt,k
egypt,
egypt,
egypt,
egypt,
egypt,
egypt,","
egypt,
egypt,
egypt,e
egypt,o
egypt,
egypt,
egypt,
egypt,
egypt,o
egypt,
egypt,
egypt,
egypt,
egypt,l
egypt,p
egypt,
egypt,
egypt,
egypt,
egypt,
egypt,
egypt,
egypt,
egypt,
egypt,h
egypt,
egypt,s
egypt,
egypt,o
egypt,
egypt,
egypt,l
egypt,
egypt,
egypt,
egypt,
egypt,
egypt,
egypt,
egypt,
egypt,
egypt,
egypt,
egypt,
egypt,
egypt,
egypt,
egypt,
egypt,
egypt,
egypt,
egypt,
egypt,m
egypt,
egypt,
egypt,
egypt,
egypt,
egypt,
egypt,
egypt,
egypt,
egypt,
egypt,
egypt,
egypt,
egypt,
egypt,m
egypt,
egypt,
egypt,
egypt,
egypt,
egypt,
egypt,
egypt,
egypt,
egypt,
egypt,
egypt,
egypt,u
egypt,
egypt,
egypt,
egypt,
egypt,
egypt,
egypt,
egypt,s
egypt,
egypt,
egypt,
egypt,
egypt,
egypt,
egypt,
egypt,
egypt,
egypt,
egypt,
egypt,
egypt,m
egypt,
egypt,
egypt,
egypt,
egypt,
egypt,
egypt,
egypt,
egypt,
egypt,
egypt,
egypt,
egypt,
egypt,
egypt,
egypt,
egypt,
egypt,
egypt,
egypt,
egypt,
egypt,
egypt,
egypt,
egypt,
egypt,
songhai,
songhai,
songhai,
songhai,
songhai,u
songhai,
songhai,
songhai,
songhai,
songhai,
songhai,
songhai,
songhai,
songhai,
songhai,
songhai,
songhai,
songhai,
songhai,
songhai,
songhai,
songhai,
songhai,
songhai,
songhai,m
songhai,
songhai,
songhai,
songhai,
songhai,
songhai,
songhai,
songhai,
songhai,
songhai,
songhai,
songhai,
songhai,
songhai,
songhai,
songhai,
songhai,
songhai,
songhai,
songhai,
songhai,
songhai,
songhai,
songhai,
songhai,
songhai,
songhai,
songhai,
songhai,
songhai,
songhai,
songhai,
songhai,
songhai,
songhai,
songhai,
songhai,
songhai,g
songhai,
songhai,
songhai,
songhai,
songhai,
songhai,
songhai,
songhai,
songhai,
songhai,
songhai,
songhai,
songhai,
songhai,
songhai,
songhai,
songhai,
songhai,
songhai,
songhai,
songhai,u
songhai,a
songhai,
songhai,e
songhai,
songhai,
songhai,
songhai,
songhai,
songhai,
songhai,
songhai,
songhai,
songhai,
songhai,
songhai,
songhai,
songhai,
songhai,
songhai,
songhai,
songhai,
songhai,d
songhai,
songhai,
songhai,
songhai,
songhai,
songhai,
songhai,
songhai,
songhai,
songhai,
songhai,
songhai,
songhai,
songhai,
songhai,
songhai,g
songhai,
songhai,
songhai,
songhai,
songhai,
songhai,
songhai,
songhai,
songhai,
songhai,
songhai,
songhai,
songhai,
songhai,
songhai,
songhai,
songhai,
songhai,
songhai,
songhai,
songhai,
songhai,
songhai,
songhai,
songhai,
songhai,
songhai,
songhai,
songhai,
songhai,
songhai,
songhai,
songhai,
songhai,
songhai,
songhai,
songhai,
songhai,
songhai,
songhai,
songhai,
songhai,e
songhai,
songhai,
songhai,
songhai,
songhai,
songhai,
songhai,
songhai,
songhai,
songhai,
songhai,u
songhai,
songhai,
songhai,
songhai,a
songhai,
songhai,
songhai,
songhai,
songhai,g
songhai,
songhai,
songhai,
songhai,
songhai,
songhai,
songhai,
songhai,
songhai,
songhai,
songhai,
songhai,
songhai,
songhai,
songhai,
songhai,
songhai,
songhai,
songhai,
songhai,
songhai,
songhai,
songhai,
songhai,
songhai,
songhai,
songhai,
songhai,
songhai,
songhai,
songhai,
songhai,
songhai,
songhai,
songhai,
songhai,
songhai,
songhai,
songhai,
songhai,
songhai,k
songhai,a
songhai,
songhai,
songhai,
songhai,
songhai,
songhai,
songhai,o
songhai,
songhai,
songhai,
songhai,
songhai,
songhai,d
songhai,
songhai,
songhai,
songhai,
songhai,
songhai,k
songhai,
songhai,
songhai,
songhai,
songhai,
germany,g
germany,
germany,
germany,
germany,
germany,
germany,
germany,
germany,
germany,h
germany,a
germany,e
germany,c
germany,
germany,","
germany,
germany,
germany,
germany,
germany,
germany,
germany,
germany,
germany,
germany,
germany,
germany,
germany,
germany,
germany,
germany,
germany,a
germany,
germany,
germany,
germany,
germany,
germany,
germany,
germany,
germany,
germany,
germany,
germany,
germany,
germany,e
germany,
germany,
germany,
germany,d
germany,
germany,n
germany,
germany,
germany,
germany,
germany,k
germany,
germany,
germany,
germany,
germany,
germany,
germany,a
germany,
germany,
germany,
germany,
germany,
germany,
germany,
germany,
germany,
germany,
germany,
germany,
germany,
germany,
germany,
germany,
germany,
germany,
germany,
germany,
germany,
germany,
germany,
germany,
germany,
germany,
germany,
germany,
germany,
germany,
germany,","
germany,
germany,
germany,
germany,
germany,
germany,
germany,
germany,
germany,
germany,
germany,
germany,
germany,
germany,
germany,
germany,
germany,
germany,
germany,e
germany,
germany,
germany,
germany,
germany,","
germany,
germany,
germany,
germany,
germany,
germany,
germany,
germany,e
germany,
germany,
germany,
germany,
germany,w
germany,
germany,s
germany,o
germany,
germany,
germany,
germany,
germany,t
germany,g
germany,
germany,
germany,
germany,
germany,
germany,
germany,
germany,
germany,
germany,
germany,
germany,
germany,
germany,
germany,
germany,
germany,
germany,
germany,h
germany,
germany,f
germany,
germany,
germany,
germany,
germany,
germany,
germany,
germany,
germany,
germany,p
germany,a
germany,
germany,
germany,
germany,
germany,
germany,","
germany,
germany,
germany,
germany,h
germany,
germany,
germany,
germany,
germany,
germany,
germany,
germany,
germany,
germany,
germany,
germany,
germany,
germany,
germany,
germany,h
germany,
germany,
germany,
germany,
germany,
germany,
germany,
germany,
germany,
germany,n
germany,
germany,
germany,
germany,
germany,
germany,
germany,
germany,
germany,
germany,","
germany,
germany,
germany,
germany,
germany,
germany,
germany,
germany,
germany,
germany,
germany,
germany,d
germany,
germany,
germany,
germany,
germany,
germany,b
germany,
germany,
germany,e
germany,
germany,
germany,
germany,
germany,g
germany,i
germany,r
germany,d
germany,
germany,e
india,
india,
india,a
india,
india,
india,
india,
india,
india,
india,
india,
india,
india,
india,
india,
india,
india,
india,
india,
india,
india,
india,
india,
india,
india,
india,
india,
india,
india,
india,
india,
india,
india,r
india,
india,
india,
india,
india,
india,
india,
india,
india,
india,
india,
india,
india,","
india,
india,
india,
india,
india,
india,
india,
india,","
india,
india,
india,
india,
india,
india,
india,a
india,
india,
india,d
india,
india,
india,
india,
india,
india,
india,
india,
india,
india,
india,y
india,l
india,
india,
india,
india,m
india,
india,
india,
india,
india,
india,
india,i
india,
india,
india,a
india,
india,
india,
india,
india,
india,
india,
india,
india,
india,
india,
india,
india,
india,
india,
india,
india,u
india,
india,d
india,
india,s
india,
india,
india,
india,","
india,
india,
india,
india,
india,
india,
india,
india,
india,
india,
india,
india,
india,
india,a
india,r
india,
india,
india,
india,
india,
india,
india,
india,
india,
india,
india,
india,
india,
india,
india,
india,
india,
india,
india,
india,
india,
india,
india,
india,i
india,
india,
india,
india,
india,
india,
india,
india,
india,
india,
india,
india,a
india,r
india,
india,
india,a
india,
india,
india,
india,
india,
india,
india,
india,","
india,
india,
india,
india,
india,
india,j
india,t
india,a
india,
india,d
india,
india,
india,
india,
india,
india,
india,
india,
india,
india,a
india,
india,
india,
india,k
india,a
india,
india,
india,
india,
india,
india,a
india,
india,
india,","
india,
india,
india,
india,
india,
india,
india,
india,
india,
india,
india,
india,
india,i
india,
india,
india,
india,a
india,a
india,
india,
india,a
india,
india,
india,
india,
india,
india,
india,
india,
india,
india,
india,
india,
india,a
india,
india,
india,
india,
